Original code,Plausible Program,Number of Bugs Present,Total Tokens,Sum Entropy,Mean Entropy
"The Original Code is vulnerable to CWE-787: Out-of-Bounds Write. Fix the code between <StartBug> and <EndBug> to fix the vulnerability.
Original Code:
static RD_BOOL mcs_parse_domain_params ( STREAM s ) { <StartBug> int length ; <EndBug> <StartBug> ber_parse_header ( s , MCS_TAG_DOMAIN_PARAMS , & length ) ; <EndBug> in_uint8s ( s , length ) ; return s_check ( s ) ; }
Fixed code:","
static RD_BOOL mcs_parse_domain_params ( STREAM s ) { <StartBug> int length; uint8_t* buffer; <EndBug> <StartBug> ber_parse_header ( s , MCS_TAG_DOMAIN_PARAMS , & length ) ; <EndBug> buffer = (uint8_t*) malloc (length); if (buffer == NULL) { return False; } in_uint8a ( s , buffer, length ); free (buffer); return s_check ( s ) ; }",2,118,-19.27903246120465,-0.16338163102715805
"The Original Code is vulnerable to CWE-787: Out-of-Bounds Write. Fix the code between <StartBug> and <EndBug> to fix the vulnerability.
Original Code:
static RD_BOOL mcs_parse_domain_params ( STREAM s ) { <StartBug> int length ; <EndBug> <StartBug> ber_parse_header ( s , MCS_TAG_DOMAIN_PARAMS , & length ) ; <EndBug> in_uint8s ( s , length ) ; return s_check ( s ) ; }
Fixed code:","
static RD_BOOL mcs_parse_domain_params ( STREAM s ) { <StartBug> int length; uint8 limit;
if (ber_parse_header ( s , MCS_TAG_DOMAIN_PARAMS , & length )) {
    limit = s->end - s->p;
    if (length > limit) {
        length = limit;
    }
} else {
    return False;
}<EndBug>

in_uint8s ( s , length ) ; return s_check ( s ) ; }",2,124,-35.20102460735355,-0.28387923070446414
"The Original Code is vulnerable to CWE-787: Out-of-Bounds Write. Fix the code between <StartBug> and <EndBug> to fix the vulnerability.
Original Code:
static RD_BOOL mcs_parse_domain_params ( STREAM s ) { <StartBug> int length ; <EndBug> <StartBug> ber_parse_header ( s , MCS_TAG_DOMAIN_PARAMS , & length ) ; <EndBug> in_uint8s ( s , length ) ; return s_check ( s ) ; }
Fixed code:","
static RD_BOOL mcs_parse_domain_params ( STREAM s ) { <StartBug> int length ; if (!ber_parse_header ( s , MCS_TAG_DOMAIN_PARAMS , & length )) { return False; } if (length < 0) { return False; } <EndBug> in_uint8s ( s , length ) ; return s_check ( s ) ; }",2,91,-9.236553841416951,-0.10150059166392254
"The Original Code is vulnerable to CWE-787: Out-of-Bounds Write. Fix the code between <StartBug> and <EndBug> to fix the vulnerability.
Original Code:
static RD_BOOL mcs_parse_domain_params ( STREAM s ) { <StartBug> int length ; <EndBug> <StartBug> ber_parse_header ( s , MCS_TAG_DOMAIN_PARAMS , & length ) ; <EndBug> in_uint8s ( s , length ) ; return s_check ( s ) ; }
Fixed code:","
static RD_BOOL mcs_parse_domain_params ( STREAM s ) { <StartBug> int length ; if (ber_parse_header ( s , MCS_TAG_DOMAIN_PARAMS , & length ) != True) return False; <EndBug> in_uint8s ( s , length ) ; return s_check ( s ) ; }",2,81,-9.163730898986246,-0.1131324802343981
"The Original Code is vulnerable to CWE-787: Out-of-Bounds Write. Fix the code between <StartBug> and <EndBug> to fix the vulnerability.
Original Code:
static RD_BOOL mcs_parse_domain_params ( STREAM s ) { <StartBug> int length ; <EndBug> <StartBug> ber_parse_header ( s , MCS_TAG_DOMAIN_PARAMS , & length ) ; <EndBug> in_uint8s ( s , length ) ; return s_check ( s ) ; }
Fixed code:","
static RD_BOOL mcs_parse_domain_params ( STREAM s ) { <StartBug> int length = 0; <EndBug> <StartBug> ber_parse_header ( s , MCS_TAG_DOMAIN_PARAMS , & length ) ; <EndBug> if (length != 0) { in_uint8s ( s , length ) ; } return s_check ( s ) ; }",2,92,-7.5161317639673495,-0.08169708439094946
"The Original Code is vulnerable to CWE-787: Out-of-Bounds Write. Fix the code between <StartBug> and <EndBug> to fix the vulnerability.
Original Code:
static RD_BOOL mcs_parse_domain_params ( STREAM s ) { <StartBug> int length ; <EndBug> <StartBug> ber_parse_header ( s , MCS_TAG_DOMAIN_PARAMS , & length ) ; <EndBug> in_uint8s ( s , length ) ; return s_check ( s ) ; }
Fixed code:","
static RD_BOOL mcs_parse_domain_params ( STREAM s ) { <StartBug> int length ; if ( !ber_parse_header ( s , MCS_TAG_DOMAIN_PARAMS , & length ) )
   return False;
if ( length > s->end - s->p ) 
   return False; <EndBug> in_uint8s ( s , length ) ; return s_check ( s ) ; }",2,101,-22.595069928532553,-0.22371356364883715
"The Original Code is vulnerable to CWE-787: Out-of-Bounds Write. Fix the code between <StartBug> and <EndBug> to fix the vulnerability.
Original Code:
static RD_BOOL mcs_parse_domain_params ( STREAM s ) { <StartBug> int length ; <EndBug> <StartBug> ber_parse_header ( s , MCS_TAG_DOMAIN_PARAMS , & length ) ; <EndBug> in_uint8s ( s , length ) ; return s_check ( s ) ; }
Fixed code:","
static RD_BOOL mcs_parse_domain_params ( STREAM s ) { <StartBug> int length ; ber_parse_header ( s , MCS_TAG_DOMAIN_PARAMS , & length ) ; if (length > 0) { in_uint8s ( s , length ) ; } <EndBug> return s_check ( s ) ; }",2,82,-5.872926012316652,-0.07162104893069088
"The Original Code is vulnerable to CWE-787: Out-of-Bounds Write. Fix the code between <StartBug> and <EndBug> to fix the vulnerability.
Original Code:
static RD_BOOL mcs_parse_domain_params ( STREAM s ) { <StartBug> int length ; <EndBug> <StartBug> ber_parse_header ( s , MCS_TAG_DOMAIN_PARAMS , & length ) ; <EndBug> in_uint8s ( s , length ) ; return s_check ( s ) ; }
Fixed code:","
static RD_BOOL mcs_parse_domain_params ( STREAM s ) { <StartBug> int length; uint8_t buffer[length]; <EndBug> <StartBug> ber_parse_header ( s , MCS_TAG_DOMAIN_PARAMS , & length ) ; <EndBug> in_uint8a ( s , buffer, length ); return s_check ( s ) ; }",2,91,-9.784732425952152,-0.10752453215332035
"The Original Code is vulnerable to CWE-787: Out-of-Bounds Write. Fix the code between <StartBug> and <EndBug> to fix the vulnerability.
Original Code:
static RD_BOOL mcs_parse_domain_params ( STREAM s ) { <StartBug> int length ; <EndBug> <StartBug> ber_parse_header ( s , MCS_TAG_DOMAIN_PARAMS , & length ) ; <EndBug> in_uint8s ( s , length ) ; return s_check ( s ) ; }
Fixed code:","
static RD_BOOL mcs_parse_domain_params ( STREAM s )
{
    int length;
    if (!ber_parse_header (s, MCS_TAG_DOMAIN_PARAMS, &length))
        return False;
    if (length > 0)
    {
        if (length > s->size)
            return False;
        in_uint8s (s, length);
    }
    return s_check (s) ;
}",2,110,-25.12181899789204,-0.22838017270810945
"The Original Code is vulnerable to CWE-787: Out-of-Bounds Write. Fix the code between <StartBug> and <EndBug> to fix the vulnerability.
Original Code:
static RD_BOOL mcs_parse_domain_params ( STREAM s ) { <StartBug> int length ; <EndBug> <StartBug> ber_parse_header ( s , MCS_TAG_DOMAIN_PARAMS , & length ) ; <EndBug> in_uint8s ( s , length ) ; return s_check ( s ) ; }
Fixed code:","
static RD_BOOL mcs_parse_domain_params ( STREAM s ) { <StartBug> int length = 0; <EndBug> <StartBug> ber_parse_header ( s , MCS_TAG_DOMAIN_PARAMS , & length ) ; if (length > MAX_MCS_DOMAIN_PARAMS_LENGTH) return False; <EndBug> in_uint8s ( s , length ) ; return s_check ( s ) ; }",2,105,-15.076005782966755,-0.14358100745682623
"The Original Code is vulnerable to CWE-787: Out-of-Bounds Write. Fix the code between <StartBug> and <EndBug> to fix the vulnerability.
Original Code:
static RD_BOOL mcs_parse_domain_params ( STREAM s ) { <StartBug> int length ; <EndBug> <StartBug> ber_parse_header ( s , MCS_TAG_DOMAIN_PARAMS , & length ) ; <EndBug> in_uint8s ( s , length ) ; return s_check ( s ) ; }
Fixed code:","
static RD_BOOL mcs_parse_domain_params ( STREAM s ) { <StartBug> int length, bytes_read; <EndBug> <StartBug> ber_parse_header ( s , MCS_TAG_DOMAIN_PARAMS , & length ) ; <EndBug> if (length > 0) { bytes_read = in_uint8s(s, length); if (bytes_read < length) { return False; } } return s_check ( s ) ; }",2,110,-15.142587066897487,-0.1376598824263408
"The Original Code is vulnerable to CWE-787: Out-of-Bounds Write. Fix the code between <StartBug> and <EndBug> to fix the vulnerability.
Original Code:
static RD_BOOL mcs_parse_domain_params ( STREAM s ) { <StartBug> int length ; <EndBug> <StartBug> ber_parse_header ( s , MCS_TAG_DOMAIN_PARAMS , & length ) ; <EndBug> in_uint8s ( s , length ) ; return s_check ( s ) ; }
Fixed code:","
static RD_BOOL mcs_parse_domain_params ( STREAM s ) { <StartBug> int length, max_length ; <EndBug> <StartBug> ber_parse_header ( s , MCS_TAG_DOMAIN_PARAMS , & length ) ; max_lenght = s->end - s->p; if(length > max_length) return False; <EndBug> in_uint8s ( s , length ) ; return s_check ( s ) ; }",2,111,-23.04323459887306,-0.2075967080979555
"The Original Code is vulnerable to CWE-787: Out-of-Bounds Write. Fix the code between <StartBug> and <EndBug> to fix the vulnerability.
Original Code:
static RD_BOOL mcs_parse_domain_params ( STREAM s ) { <StartBug> int length ; <EndBug> <StartBug> ber_parse_header ( s , MCS_TAG_DOMAIN_PARAMS , & length ) ; <EndBug> in_uint8s ( s , length ) ; return s_check ( s ) ; }
Fixed code:","
static RD_BOOL mcs_parse_domain_params ( STREAM s ) { <StartBug> int length ; int max_length = s->end - s->p; <EndBug> <StartBug> ber_parse_header ( s , MCS_TAG_DOMAIN_PARAMS , & length ) ; if (length > max_length) { return False; } <EndBug> in_uint8s ( s , length ) ; return s_check ( s ) ; }",2,108,-11.117100630470654,-0.10293611694880235
"The Original Code is vulnerable to CWE-787: Out-of-Bounds Write. Fix the code between <StartBug> and <EndBug> to fix the vulnerability.
Original Code:
static RD_BOOL mcs_parse_domain_params ( STREAM s ) { <StartBug> int length ; <EndBug> <StartBug> ber_parse_header ( s , MCS_TAG_DOMAIN_PARAMS , & length ) ; <EndBug> in_uint8s ( s , length ) ; return s_check ( s ) ; }
Fixed code:","
static RD_BOOL mcs_parse_domain_params ( STREAM s ) { <StartBug> int length = 0; <EndBug> <StartBug> ber_parse_header ( s , MCS_TAG_DOMAIN_PARAMS , & length ) ; if (length < 0) { return false; } <EndBug> in_uint8s ( s , length ) ; return s_check ( s ) ; }",2,95,-9.166674584714654,-0.096491311418049
"The Original Code is vulnerable to CWE-787: Out-of-Bounds Write. Fix the code between <StartBug> and <EndBug> to fix the vulnerability.
Original Code:
static RD_BOOL mcs_parse_domain_params ( STREAM s ) { <StartBug> int length ; <EndBug> <StartBug> ber_parse_header ( s , MCS_TAG_DOMAIN_PARAMS , & length ) ; <EndBug> in_uint8s ( s , length ) ; return s_check ( s ) ; }
Fixed code:","
static RD_BOOL mcs_parse_domain_params ( STREAM s ) { <StartBug> uint16 length ; <EndBug> <StartBug> ber_parse_header ( s , MCS_TAG_DOMAIN_PARAMS , & length ) ; <EndBug> in_uint8s ( s , length ) ; return s_check ( s ) ; }",2,83,-4.861653836837054,-0.05857414261249463
"The Original Code is vulnerable to CWE-787: Out-of-Bounds Write. Fix the code between <StartBug> and <EndBug> to fix the vulnerability.
Original Code:
static RD_BOOL mcs_parse_domain_params ( STREAM s ) { <StartBug> int length ; <EndBug> <StartBug> ber_parse_header ( s , MCS_TAG_DOMAIN_PARAMS , & length ) ; <EndBug> in_uint8s ( s , length ) ; return s_check ( s ) ; }
Fixed code:","
static RD_BOOL mcs_parse_domain_params ( STREAM s ) { <StartBug> int length = 0; <EndBug> <StartBug> ber_parse_header ( s , MCS_TAG_DOMAIN_PARAMS , & length ) ; <EndBug> if (length > 0) in_uint8s ( s , length ) ; return s_check ( s ) ; }",2,90,-4.78049181265085,-0.053116575696120556
"The Original Code is vulnerable to CWE-787: Out-of-Bounds Write. Fix the code between <StartBug> and <EndBug> to fix the vulnerability.
Original Code:
static RD_BOOL mcs_parse_domain_params ( STREAM s ) { <StartBug> int length ; <EndBug> <StartBug> ber_parse_header ( s , MCS_TAG_DOMAIN_PARAMS , & length ) ; <EndBug> in_uint8s ( s , length ) ; return s_check ( s ) ; }
Fixed code:","
static RD_BOOL mcs_parse_domain_params ( STREAM s ) { <StartBug> int length = 0; <EndBug> <StartBug> ber_parse_header ( s , MCS_TAG_DOMAIN_PARAMS , & length ) ; if (length < 0) return False; <EndBug> in_uint8s ( s , length ) ; return s_check ( s ) ; }",2,93,-7.241347694569447,-0.07786395370504781
"The Original Code is vulnerable to CWE-787: Out-of-Bounds Write. Fix the code between <StartBug> and <EndBug> to fix the vulnerability.
Original Code:
static RD_BOOL mcs_parse_domain_params ( STREAM s ) { <StartBug> int length ; <EndBug> <StartBug> ber_parse_header ( s , MCS_TAG_DOMAIN_PARAMS , & length ) ; <EndBug> in_uint8s ( s , length ) ; return s_check ( s ) ; }
Fixed code:","
static RD_BOOL mcs_parse_domain_params ( STREAM s ) { <StartBug> uint32_t length ; <EndBug> <StartBug> if(!ber_parse_header ( s , MCS_TAG_DOMAIN_PARAMS , & length)) { return False; } <EndBug> if(length > s->end - s->p) { return False; } in_uint8s ( s , length ) ; return s_check ( s ) ; }",2,109,-19.595920321628952,-0.17977908551953167
"The Original Code is vulnerable to CWE-787: Out-of-Bounds Write. Fix the code between <StartBug> and <EndBug> to fix the vulnerability.
Original Code:
static RD_BOOL mcs_parse_domain_params ( STREAM s ) { <StartBug> int length ; <EndBug> <StartBug> ber_parse_header ( s , MCS_TAG_DOMAIN_PARAMS , & length ) ; <EndBug> in_uint8s ( s , length ) ; return s_check ( s ) ; }
Fixed code:","
static RD_BOOL mcs_parse_domain_params ( STREAM s ) { <StartBug> int length; uint8 * buf; <EndBug> <StartBug> ber_parse_header ( s , MCS_TAG_DOMAIN_PARAMS , & length ) ; buf = (uint8*) malloc(length); if(buf == NULL) return False; in_uint8a(s, buf, length); free(buf); <EndBug> return s_check ( s ) ; }",2,112,-19.88883077368439,-0.1775788461936106
"The Original Code is vulnerable to CWE-787: Out-of-Bounds Write. Fix the code between <StartBug> and <EndBug> to fix the vulnerability.
Original Code:
static RD_BOOL mcs_parse_domain_params ( STREAM s ) { <StartBug> int length ; <EndBug> <StartBug> ber_parse_header ( s , MCS_TAG_DOMAIN_PARAMS , & length ) ; <EndBug> in_uint8s ( s , length ) ; return s_check ( s ) ; }
Fixed code:","
static RD_BOOL mcs_parse_domain_params ( STREAM s ) { <StartBug> int length ; ber_parse_header ( s , MCS_TAG_DOMAIN_PARAMS , & length ) ; if (length > 0 ) { in_uint8s ( s , length ) ; } else { return False; } <EndBug> return s_check ( s ) ; }",2,88,-12.76158297476685,-0.1450179883496233
"The Original Code is vulnerable to CWE-787: Out-of-Bounds Write. Fix the code between <StartBug> and <EndBug> to fix the vulnerability.
Original Code:
static RD_BOOL mcs_parse_domain_params ( STREAM s ) { <StartBug> int length ; <EndBug> <StartBug> ber_parse_header ( s , MCS_TAG_DOMAIN_PARAMS , & length ) ; <EndBug> in_uint8s ( s , length ) ; return s_check ( s ) ; }
Fixed code:","
static RD_BOOL mcs_parse_domain_params ( STREAM s ) { <StartBug> int length = 0; <EndBug> <StartBug> ber_parse_header ( s , MCS_TAG_DOMAIN_PARAMS , & length ) ; <EndBug> if (length > 0) { in_uint8s ( s , length ) ; } return s_check ( s ) ; }",2,92,-3.6657392467871492,-0.039844991812903796
"The Original Code is vulnerable to CWE-787: Out-of-Bounds Write. Fix the code between <StartBug> and <EndBug> to fix the vulnerability.
Original Code:
static RD_BOOL mcs_parse_domain_params ( STREAM s ) { <StartBug> int length ; <EndBug> <StartBug> ber_parse_header ( s , MCS_TAG_DOMAIN_PARAMS , & length ) ; <EndBug> in_uint8s ( s , length ) ; return s_check ( s ) ; }
Fixed code:","
static RD_BOOL mcs_parse_domain_params ( STREAM s ) { <StartBug> int length ; <EndBug> <StartBug> if (!ber_parse_header ( s , MCS_TAG_DOMAIN_PARAMS , & length )){ <EndBug> return False; <StartBug>} <EndBug> in_uint8s ( s , length ) ; return s_check ( s ) ; }",2,96,-12.559306946149746,-0.1308261140223932
"The Original Code is vulnerable to CWE-787: Out-of-Bounds Write. Fix the code between <StartBug> and <EndBug> to fix the vulnerability.
Original Code:
static RD_BOOL mcs_parse_domain_params ( STREAM s ) { <StartBug> int length ; <EndBug> <StartBug> ber_parse_header ( s , MCS_TAG_DOMAIN_PARAMS , & length ) ; <EndBug> in_uint8s ( s , length ) ; return s_check ( s ) ; }
Fixed code:","
static RD_BOOL mcs_parse_domain_params ( STREAM s ) { <StartBug> int length, i; <EndBug> <StartBug> if(!ber_parse_header ( s , MCS_TAG_DOMAIN_PARAMS , & length ) { 
    return False;
}
if (length > 0){
    for(i = 0; i < length; i++){
        in_uint8s(s);
    }
}
<EndBug> return s_check ( s ) ; }",2,122,-36.34417394668655,-0.297903065136775
"The Original Code is vulnerable to CWE-787: Out-of-Bounds Write. Fix the code between <StartBug> and <EndBug> to fix the vulnerability.
Original Code:
static RD_BOOL mcs_parse_domain_params ( STREAM s ) { <StartBug> int length ; <EndBug> <StartBug> ber_parse_header ( s , MCS_TAG_DOMAIN_PARAMS , & length ) ; <EndBug> in_uint8s ( s , length ) ; return s_check ( s ) ; }
Fixed code:","
static RD_BOOL mcs_parse_domain_params ( STREAM s ) { <StartBug> int length = 0; <EndBug> <StartBug> ber_parse_header ( s , MCS_TAG_DOMAIN_PARAMS , & length ) ; <EndBug> if (length > 0) { in_uint8s ( s , length ) ; } return s_check ( s ) ; }",2,92,-3.6328768551257498,-0.03948779190354076
"The Original Code is vulnerable to CWE-787: Out-of-Bounds Write. Fix the code between <StartBug> and <EndBug> to fix the vulnerability.
Original Code:
static RD_BOOL mcs_parse_domain_params ( STREAM s ) { <StartBug> int length ; <EndBug> <StartBug> ber_parse_header ( s , MCS_TAG_DOMAIN_PARAMS , & length ) ; <EndBug> in_uint8s ( s , length ) ; return s_check ( s ) ; }
Fixed code:","
static RD_BOOL mcs_parse_domain_params ( STREAM s ) { <StartBug> int length ; if ( !ber_parse_header ( s , MCS_TAG_DOMAIN_PARAMS , & length ) || length < 1) { return False; } <EndBug> in_uint8s ( s , length ) ; return s_check ( s ) ; }",2,86,-13.954627014071153,-0.16226310481478085
"The Original Code is vulnerable to CWE-787: Out-of-Bounds Write. Fix the code between <StartBug> and <EndBug> to fix the vulnerability.
Original Code:
static RD_BOOL mcs_parse_domain_params ( STREAM s ) { <StartBug> int length ; <EndBug> <StartBug> ber_parse_header ( s , MCS_TAG_DOMAIN_PARAMS , & length ) ; <EndBug> in_uint8s ( s , length ) ; return s_check ( s ) ; }
Fixed code:","
static RD_BOOL mcs_parse_domain_params ( STREAM s ) { <StartBug> uint8 length ; <EndBug> <StartBug> ber_parse_header ( s , MCS_TAG_DOMAIN_PARAMS , & length ) ; <EndBug> in_uint8s ( s , length ) ; return s_check ( s ) ; }",2,83,-7.03577160104665,-0.08476833254273072
"The Original Code is vulnerable to CWE-787: Out-of-Bounds Write. Fix the code between <StartBug> and <EndBug> to fix the vulnerability.
Original Code:
static RD_BOOL mcs_parse_domain_params ( STREAM s ) { <StartBug> int length ; <EndBug> <StartBug> ber_parse_header ( s , MCS_TAG_DOMAIN_PARAMS , & length ) ; <EndBug> in_uint8s ( s , length ) ; return s_check ( s ) ; }
Fixed code:","
static RD_BOOL mcs_parse_domain_params ( STREAM s ) { <StartBug> int length ; if (ber_parse_header ( s , MCS_TAG_DOMAIN_PARAMS , & length )!= True) return False; if (length > 0) { in_uint8s ( s , length ) ; } <EndBug> return s_check ( s ) ; }",2,90,-17.44065604798505,-0.1937850671998339
"The Original Code is vulnerable to CWE-787: Out-of-Bounds Write. Fix the code between <StartBug> and <EndBug> to fix the vulnerability.
Original Code:
static RD_BOOL mcs_parse_domain_params ( STREAM s ) { <StartBug> int length ; <EndBug> <StartBug> ber_parse_header ( s , MCS_TAG_DOMAIN_PARAMS , & length ) ; <EndBug> in_uint8s ( s , length ) ; return s_check ( s ) ; }
Fixed code:","
static RD_BOOL mcs_parse_domain_params ( STREAM s ) { <StartBug> int length, maxLen; <EndBug> <StartBug> ber_parse_header ( s , MCS_TAG_DOMAIN_PARAMS , & length ) ; <EndBug> <StartBug> maxLen = s_remaining(s);
if (length > maxLen) {
    length = maxLen;
} <EndBug> in_uint8s ( s , length ) ; return s_check ( s ) ; }",2,121,-19.20179852948474,-0.1586925498304524
"The Original Code is vulnerable to CWE-787: Out-of-Bounds Write. Fix the code between <StartBug> and <EndBug> to fix the vulnerability.
Original Code:
static RD_BOOL mcs_parse_domain_params ( STREAM s ) { <StartBug> int length ; <EndBug> <StartBug> ber_parse_header ( s , MCS_TAG_DOMAIN_PARAMS , & length ) ; <EndBug> in_uint8s ( s , length ) ; return s_check ( s ) ; }
Fixed code:","
static RD_BOOL mcs_parse_domain_params ( STREAM s ) { <StartBug> int length ; ber_parse_header ( s , MCS_TAG_DOMAIN_PARAMS , & length ) ; <EndBug> if (length <= s->end - s->p) { in_uint8s ( s , length ) ; } else { return False; } return s_check ( s ) ; }",2,94,-8.888089738410352,-0.09455414615330163
"The Original Code is vulnerable to CWE-787: Out-of-Bounds Write. Fix the code between <StartBug> and <EndBug> to fix the vulnerability.
Original Code:
static RD_BOOL mcs_parse_domain_params ( STREAM s ) { <StartBug> int length ; <EndBug> <StartBug> ber_parse_header ( s , MCS_TAG_DOMAIN_PARAMS , & length ) ; <EndBug> in_uint8s ( s , length ) ; return s_check ( s ) ; }
Fixed code:","
static RD_BOOL mcs_parse_domain_params ( STREAM s ) { <StartBug> uint32_t length ; <EndBug> <StartBug> ber_parse_header ( s , MCS_TAG_DOMAIN_PARAMS , & length ) ; <EndBug> if (length > s->size-s->p) return False; in_uint8s ( s , length ) ; return s_check ( s ) ; }",2,100,-12.691011934424889,-0.1269101193442489
"The Original Code is vulnerable to CWE-787: Out-of-Bounds Write. Fix the code between <StartBug> and <EndBug> to fix the vulnerability.
Original Code:
static RD_BOOL mcs_parse_domain_params ( STREAM s ) { <StartBug> int length ; <EndBug> <StartBug> ber_parse_header ( s , MCS_TAG_DOMAIN_PARAMS , & length ) ; <EndBug> in_uint8s ( s , length ) ; return s_check ( s ) ; }
Fixed code:","
static RD_BOOL mcs_parse_domain_params ( STREAM s ) { <StartBug> int length ; ber_parse_header ( s , MCS_TAG_DOMAIN_PARAMS , & length ) ; <EndBug> if (length > 0) { in_uint8s ( s , length ) ; } <StartBug> return s_check ( s ) ; <EndBug> }",2,90,-7.092593623157346,-0.0788065958128594
"The Original Code is vulnerable to CWE-787: Out-of-Bounds Write. Fix the code between <StartBug> and <EndBug> to fix the vulnerability.
Original Code:
static RD_BOOL mcs_parse_domain_params ( STREAM s ) { <StartBug> int length ; <EndBug> <StartBug> ber_parse_header ( s , MCS_TAG_DOMAIN_PARAMS , & length ) ; <EndBug> in_uint8s ( s , length ) ; return s_check ( s ) ; }
Fixed code:","
static RD_BOOL mcs_parse_domain_params ( STREAM s ) { <StartBug> uint32_t length ; <EndBug> <StartBug> ber_parse_header ( s , MCS_TAG_DOMAIN_PARAMS , & length ) ; <EndBug> in_uint8s ( s , length ) ; return s_check ( s ) ; }",2,85,-5.693863001545451,-0.06698662354759355
"The Original Code is vulnerable to CWE-787: Out-of-Bounds Write. Fix the code between <StartBug> and <EndBug> to fix the vulnerability.
Original Code:
static RD_BOOL mcs_parse_domain_params ( STREAM s ) { <StartBug> int length ; <EndBug> <StartBug> ber_parse_header ( s , MCS_TAG_DOMAIN_PARAMS , & length ) ; <EndBug> in_uint8s ( s , length ) ; return s_check ( s ) ; }
Fixed code:","
static RD_BOOL mcs_parse_domain_params ( STREAM s ) { <StartBug> int length ; ber_parse_header ( s , MCS_TAG_DOMAIN_PARAMS , & length ) ; <EndBug> if (length > 0) { in_uint8s ( s , length ) ; } <StartBug> return s_check ( s ) ; <EndBug> }",2,90,-7.1601007192837525,-0.07955667465870836
"The Original Code is vulnerable to CWE-787: Out-of-Bounds Write. Fix the code between <StartBug> and <EndBug> to fix the vulnerability.
Original Code:
static RD_BOOL mcs_parse_domain_params ( STREAM s ) { <StartBug> int length ; <EndBug> <StartBug> ber_parse_header ( s , MCS_TAG_DOMAIN_PARAMS , & length ) ; <EndBug> in_uint8s ( s , length ) ; return s_check ( s ) ; }
Fixed code:","
static RD_BOOL mcs_parse_domain_params ( STREAM s ) { <StartBug> int length ; if (ber_parse_header (s, MCS_TAG_DOMAIN_PARAMS, &length) == False) return False;  if (length > stream_get_length(s)) return False; <EndBug> in_uint8s ( s , length ) ; return s_check ( s ) ; }",2,97,-21.129028130522343,-0.21782503227342623
"The Original Code is vulnerable to CWE-787: Out-of-Bounds Write. Fix the code between <StartBug> and <EndBug> to fix the vulnerability.
Original Code:
static RD_BOOL mcs_parse_domain_params ( STREAM s ) { <StartBug> int length ; <EndBug> <StartBug> ber_parse_header ( s , MCS_TAG_DOMAIN_PARAMS , & length ) ; <EndBug> in_uint8s ( s , length ) ; return s_check ( s ) ; }
Fixed code:","
static RD_BOOL mcs_parse_domain_params ( STREAM s ) { <StartBug> int length = 0; <EndBug> <StartBug> ber_parse_header ( s , MCS_TAG_DOMAIN_PARAMS , & length ) ; <EndBug> if (length <= 0) return False; in_uint8s ( s , length ) ; return s_check ( s ) ; }",2,93,-8.776360467457646,-0.09436946739201771
"The Original Code is vulnerable to CWE-787: Out-of-Bounds Write. Fix the code between <StartBug> and <EndBug> to fix the vulnerability.
Original Code:
static RD_BOOL mcs_parse_domain_params ( STREAM s ) { <StartBug> int length ; <EndBug> <StartBug> ber_parse_header ( s , MCS_TAG_DOMAIN_PARAMS , & length ) ; <EndBug> in_uint8s ( s , length ) ; return s_check ( s ) ; }
Fixed code:","
static RD_BOOL mcs_parse_domain_params ( STREAM s ) { <StartBug> int max_length; <EndBug> <StartBug> ber_parse_header ( s , MCS_TAG_DOMAIN_PARAMS , & max_length ) ; <EndBug> if (max_length > stream_get_left(s)){ return False; } <StartBug> int length; in_uint8s(s, length); <EndBug> return s_check ( s ) ; }",2,115,-29.40599937993394,-0.2557043424342082
"The Original Code is vulnerable to CWE-787: Out-of-Bounds Write. Fix the code between <StartBug> and <EndBug> to fix the vulnerability.
Original Code:
static RD_BOOL mcs_parse_domain_params ( STREAM s ) { <StartBug> int length ; <EndBug> <StartBug> ber_parse_header ( s , MCS_TAG_DOMAIN_PARAMS , & length ) ; <EndBug> in_uint8s ( s , length ) ; return s_check ( s ) ; }
Fixed code:","
static RD_BOOL mcs_parse_domain_params ( STREAM s ) { <StartBug> int length = 0; <EndBug> <StartBug> ber_parse_header ( s , MCS_TAG_DOMAIN_PARAMS , & length ) ; <EndBug> in_uint8s ( s , length ) ; return s_check ( s ) ; }",2,84,-3.72282330197625,-0.04431932502352679
"The Original Code is vulnerable to CWE-787: Out-of-Bounds Write. Fix the code between <StartBug> and <EndBug> to fix the vulnerability.
Original Code:
static RD_BOOL mcs_parse_domain_params ( STREAM s ) { <StartBug> int length ; <EndBug> <StartBug> ber_parse_header ( s , MCS_TAG_DOMAIN_PARAMS , & length ) ; <EndBug> in_uint8s ( s , length ) ; return s_check ( s ) ; }
Fixed code:","
static RD_BOOL mcs_parse_domain_params ( STREAM s ) { <StartBug> int length = 0; <EndBug> <StartBug> ber_parse_header ( s , MCS_TAG_DOMAIN_PARAMS , & length ) ; <EndBug> if (length > 0) { in_uint8s ( s , length ) ; } return s_check ( s ) ; }",2,92,-3.66779940655025,-0.039867384853807065
"The Original Code is vulnerable to CWE-787: Out-of-Bounds Write. Fix the code between <StartBug> and <EndBug> to fix the vulnerability.
Original Code:
static RD_BOOL mcs_parse_domain_params ( STREAM s ) { <StartBug> int length ; <EndBug> <StartBug> ber_parse_header ( s , MCS_TAG_DOMAIN_PARAMS , & length ) ; <EndBug> in_uint8s ( s , length ) ; return s_check ( s ) ; }
Fixed code:","
static RD_BOOL mcs_parse_domain_params ( STREAM s ) { <StartBug> int length = 0; <EndBug> <StartBug> ber_parse_header ( s , MCS_TAG_DOMAIN_PARAMS , & length ) ; <EndBug> if(length > 0) in_uint8s ( s , length ) ; return s_check ( s ) ; }",2,90,-5.440428105884849,-0.060449201176498324
"The Original Code is vulnerable to CWE-787: Out-of-Bounds Write. Fix the code between <StartBug> and <EndBug> to fix the vulnerability.
Original Code:
static RD_BOOL mcs_parse_domain_params ( STREAM s ) { <StartBug> int length ; <EndBug> <StartBug> ber_parse_header ( s , MCS_TAG_DOMAIN_PARAMS , & length ) ; <EndBug> in_uint8s ( s , length ) ; return s_check ( s ) ; }
Fixed code:","
static RD_BOOL mcs_parse_domain_params ( STREAM s ) { <StartBug> int length ; int readBytes; <EndBug> <StartBug> ber_parse_header ( s , MCS_TAG_DOMAIN_PARAMS , & length ) ; <EndBug> if (length > s->end - s->p) { return False; } readBytes = MIN(length, s->end - s->p); in_uint8s ( s , readBytes ) ; return s_check ( s ) ; }",2,119,-22.35167584712855,-0.18782920879939957
"The Original Code is vulnerable to CWE-787: Out-of-Bounds Write. Fix the code between <StartBug> and <EndBug> to fix the vulnerability.
Original Code:
static RD_BOOL mcs_parse_domain_params ( STREAM s ) { <StartBug> int length ; <EndBug> <StartBug> ber_parse_header ( s , MCS_TAG_DOMAIN_PARAMS , & length ) ; <EndBug> in_uint8s ( s , length ) ; return s_check ( s ) ; }
Fixed code:","
static RD_BOOL mcs_parse_domain_params ( STREAM s ) { <StartBug> int length = 0; <EndBug> <StartBug> ber_parse_header ( s , MCS_TAG_DOMAIN_PARAMS , & length ) ; <EndBug> if (length <= 0) return False; in_uint8s ( s , length ) ; return s_check ( s ) ; }",2,93,-8.776360467457646,-0.09436946739201771
"The Original Code is vulnerable to CWE-787: Out-of-Bounds Write. Fix the code between <StartBug> and <EndBug> to fix the vulnerability.
Original Code:
static RD_BOOL mcs_parse_domain_params ( STREAM s ) { <StartBug> int length ; <EndBug> <StartBug> ber_parse_header ( s , MCS_TAG_DOMAIN_PARAMS , & length ) ; <EndBug> in_uint8s ( s , length ) ; return s_check ( s ) ; }
Fixed code:","
static RD_BOOL mcs_parse_domain_params ( STREAM s ) { <StartBug> int length; uint8_t buffer[length]; <EndBug> <StartBug> ber_parse_header ( s , MCS_TAG_DOMAIN_PARAMS , & length ) ; <EndBug> in_uint8 (s, buffer, length); return s_check ( s ) ; }",2,90,-11.819018859763052,-0.13132243177514502
"The Original Code is vulnerable to CWE-787: Out-of-Bounds Write. Fix the code between <StartBug> and <EndBug> to fix the vulnerability.
Original Code:
static RD_BOOL mcs_parse_domain_params ( STREAM s ) { <StartBug> int length ; <EndBug> <StartBug> ber_parse_header ( s , MCS_TAG_DOMAIN_PARAMS , & length ) ; <EndBug> in_uint8s ( s , length ) ; return s_check ( s ) ; }
Fixed code:","
static RD_BOOL mcs_parse_domain_params ( STREAM s ) { <StartBug> int length = 0; <EndBug> <StartBug> ber_parse_header ( s , MCS_TAG_DOMAIN_PARAMS , & length ) ; <EndBug> if (length > 0) { in_uint8s ( s , length ) ; } return s_check ( s ) ; }",2,92,-3.67179224995775,-0.039910785325627716
"The Original Code is vulnerable to CWE-787: Out-of-Bounds Write. Fix the code between <StartBug> and <EndBug> to fix the vulnerability.
Original Code:
static RD_BOOL mcs_parse_domain_params ( STREAM s ) { <StartBug> int length ; <EndBug> <StartBug> ber_parse_header ( s , MCS_TAG_DOMAIN_PARAMS , & length ) ; <EndBug> in_uint8s ( s , length ) ; return s_check ( s ) ; }
Fixed code:","
static RD_BOOL mcs_parse_domain_params ( STREAM s ) { <StartBug> int length = 0; <EndBug> <StartBug> ber_parse_header ( s , MCS_TAG_DOMAIN_PARAMS , & length ) ; <EndBug> in_uint8s ( s , length ) ; return s_check ( s ) ; }",2,84,-3.7358040446588503,-0.04447385767451012
"The Original Code is vulnerable to CWE-787: Out-of-Bounds Write. Fix the code between <StartBug> and <EndBug> to fix the vulnerability.
Original Code:
static RD_BOOL mcs_parse_domain_params ( STREAM s ) { <StartBug> int length ; <EndBug> <StartBug> ber_parse_header ( s , MCS_TAG_DOMAIN_PARAMS , & length ) ; <EndBug> in_uint8s ( s , length ) ; return s_check ( s ) ; }
Fixed code:","
static RD_BOOL mcs_parse_domain_params ( STREAM s ) { <StartBug> int length ; ber_parse_header ( s , MCS_TAG_DOMAIN_PARAMS , & length ) ; <EndBug> <StartBug> if (length < 5) return False; <EndBug> in_uint8s ( s , length ) ; return s_check ( s ) ; }",2,91,-14.83127208462465,-0.1629810119189522
"The Original Code is vulnerable to CWE-787: Out-of-Bounds Write. Fix the code between <StartBug> and <EndBug> to fix the vulnerability.
Original Code:
static RD_BOOL mcs_parse_domain_params ( STREAM s ) { <StartBug> int length ; <EndBug> <StartBug> ber_parse_header ( s , MCS_TAG_DOMAIN_PARAMS , & length ) ; <EndBug> in_uint8s ( s , length ) ; return s_check ( s ) ; }
Fixed code:"," 
static RD_BOOL mcs_parse_domain_params ( STREAM s ) { <StartBug> int length ; if(length <= 0){ return False; } <EndBug> <StartBug> ber_parse_header ( s , MCS_TAG_DOMAIN_PARAMS , & length ) ; if(length <= 0){ return False; } <EndBug> in_uint8s ( s , length ) ; return s_check ( s ) ; }",2,103,-15.493227024807732,-0.15041967985250226
"The Original Code is vulnerable to CWE-787: Out-of-Bounds Write. Fix the code between <StartBug> and <EndBug> to fix the vulnerability.
Original Code:
static RD_BOOL mcs_parse_domain_params ( STREAM s ) { <StartBug> int length ; <EndBug> <StartBug> ber_parse_header ( s , MCS_TAG_DOMAIN_PARAMS , & length ) ; <EndBug> in_uint8s ( s , length ) ; return s_check ( s ) ; }
Fixed code:","
static RD_BOOL mcs_parse_domain_params ( STREAM s ) { <StartBug> int length ; ber_parse_header ( s , MCS_TAG_DOMAIN_PARAMS , & length ) ; if(length > s->end - s->p){ return 0; } <EndBug> in_uint8s ( s , length ) ; return s_check ( s ) ; }",2,90,-13.928006797380752,-0.15475563108200835
"The Original Code is vulnerable to CWE-787: Out-of-Bounds Write. Fix the code between <StartBug> and <EndBug> to fix the vulnerability.
Original Code:
static RD_BOOL mcs_parse_domain_params ( STREAM s ) { <StartBug> int length ; <EndBug> <StartBug> ber_parse_header ( s , MCS_TAG_DOMAIN_PARAMS , & length ) ; <EndBug> in_uint8s ( s , length ) ; return s_check ( s ) ; }
Fixed code:","
static RD_BOOL mcs_parse_domain_params ( STREAM s ) { <StartBug> int length ; <EndBug> <StartBug> if(!ber_parse_header ( s , MCS_TAG_DOMAIN_PARAMS , & length ) || length < 0) { return False; } <EndBug> in_uint8s ( s , length ) ; return s_check ( s ) ; }",2,94,-9.909248823388454,-0.10541754067434525
"The Original Code is vulnerable to CWE-787: Out-of-Bounds Write. Fix the code between <StartBug> and <EndBug> to fix the vulnerability.
Original Code:
static RD_BOOL mcs_parse_domain_params ( STREAM s ) { <StartBug> int length ; <EndBug> <StartBug> ber_parse_header ( s , MCS_TAG_DOMAIN_PARAMS , & length ) ; <EndBug> in_uint8s ( s , length ) ; return s_check ( s ) ; }
Fixed code:","
static RD_BOOL mcs_parse_domain_params ( STREAM s ) { <StartBug> int length ; if (length > MAX_MCS_DOMAIN_PARAMS_LENGTH)  { return False; }<EndBug> <StartBug> ber_parse_header ( s , MCS_TAG_DOMAIN_PARAMS , & length ) ; <EndBug> in_uint8s ( s , length ) ; return s_check ( s ) ; }",2,106,-18.28094133771284,-0.17246171073313998
"The Original Code is vulnerable to CWE-787: Out-of-Bounds Write. Fix the code between <StartBug> and <EndBug> to fix the vulnerability.
Original Code:
static RD_BOOL mcs_parse_domain_params ( STREAM s ) { <StartBug> int length ; <EndBug> <StartBug> ber_parse_header ( s , MCS_TAG_DOMAIN_PARAMS , & length ) ; <EndBug> in_uint8s ( s , length ) ; return s_check ( s ) ; }
Fixed code:","
static RD_BOOL mcs_parse_domain_params ( STREAM s ) { <StartBug> int length ; ber_parse_header ( s , MCS_TAG_DOMAIN_PARAMS , & length ) ; if(length > s->end - s->p){ return False; }; <EndBug> in_uint8s ( s , length ) ; return s_check ( s ) ; }",2,90,-14.85890777485435,-0.16509897527615944
